month,model,n_obs,direction_accuracy,balanced_accuracy,f1_positive,mcc,rmse_return,mae_return
2020-01,ARIMAX market,23,0.5652173913043478,0.623015873015873,0.6153846153846154,0.27344899741289763,0.023156619280606004,0.018151710752222737
2020-01,ARIMAX simple news,23,0.6956521739130435,0.7103174603174603,0.6666666666666666,0.41096385959265797,0.023752087362832016,0.01841070438706147
2020-01,LLM multi-agent hybrid,23,0.391304347826087,0.4007936507936508,0.36363636363636365,-0.1953363462243731,0.02879690510607684,0.022754732082657398
2020-01,Market-only Ridge/LogReg,23,0.4782608695652174,0.5714285714285714,0.6,0.24743582965269675,0.02670713549367775,0.02041831920440012
2020-01,Naive previous return,23,0.6086956521739131,0.5793650793650793,0.47058823529411764,0.16265001215808886,0.0256787681526409,0.02028226640066511
2020-01,VAR market system,23,0.391304347826087,0.5,0.5625,0.0,0.023971009905948724,0.018863391974018793
2020-01,VARX/Ridge news system,23,0.5652173913043478,0.6428571428571428,0.6428571428571429,0.3678836036909795,0.02621048862130187,0.019937106546017193
2020-02,ARIMAX market,20,0.3,0.3125,0.3,-0.375,0.02503620409014496,0.01989576865377489
2020-02,ARIMAX simple news,20,0.45,0.4375,0.35294117647058826,-0.12309149097933272,0.025363906306279948,0.01997549001226926
2020-02,LLM multi-agent hybrid,20,0.6,0.5625,0.42857142857142855,0.1336306209562122,0.023642359584952543,0.01848717786393235
2020-02,Market-only Ridge/LogReg,20,0.35,0.3958333333333333,0.43478260869565216,-0.23570226039551584,0.024542823438293383,0.01993011464688205
2020-02,Naive previous return,20,0.6,0.5833333333333333,0.5,0.16666666666666666,0.03673790585713868,0.02732975751884208
2020-02,VAR market system,20,0.45,0.5208333333333334,0.56,0.05716619504750295,0.022481852513076744,0.01845222599554979
2020-02,VARX/Ridge news system,20,0.45,0.4375,0.35294117647058826,-0.12309149097933272,0.02412015829854982,0.018896318415951147
2020-03,ARIMAX market,22,0.45454545454545453,0.5238095238095238,0.45454545454545453,0.047619047619047616,0.1183942843794692,0.08834649893963986
2020-03,ARIMAX simple news,22,0.45454545454545453,0.5238095238095238,0.45454545454545453,0.047619047619047616,0.11974051988120675,0.0887546927590292
2020-03,LLM multi-agent hybrid,22,0.3181818181818182,0.3857142857142857,0.34782608695652173,-0.23904572186687875,0.12218653005306118,0.09674387887726588
2020-03,Market-only Ridge/LogReg,22,0.4090909090909091,0.4904761904761905,0.43478260869565216,-0.019920476822239894,0.11158434028369447,0.08551501332339752
2020-03,Naive previous return,22,0.45454545454545453,0.37142857142857144,0.14285714285714285,-0.2571428571428571,0.12850948718938687,0.10517392475129457
2020-03,VAR market system,22,0.6363636363636364,0.4666666666666667,0.0,-0.14907119849998599,0.11044311385296565,0.07923530092007328
2020-03,VARX/Ridge news system,22,0.4090909090909091,0.45238095238095233,0.38095238095238093,-0.09221388919541469,0.11361488410121816,0.08706357439341982
2020-04,ARIMAX market,22,0.5,0.5166666666666666,0.42105263157894735,0.035634832254989916,0.22990049379008393,0.1743579978279107
2020-04,ARIMAX simple news,22,0.5454545454545454,0.5583333333333333,0.5,0.12076147288491199,0.232689954614853,0.17833827858988463
2020-04,LLM multi-agent hybrid,22,0.5,0.5333333333333333,0.26666666666666666,0.0967301666813349,0.2715182243977758,0.21590120592401962
2020-04,Market-only Ridge/LogReg,22,0.45454545454545453,0.4916666666666667,0.14285714285714285,-0.028867513459481284,0.24583716458087607,0.199328467410858
2020-04,Naive previous return,22,0.4090909090909091,0.4083333333333333,0.43478260869565216,-0.18257418583505536,0.31945395961335693,0.2449962573572246
2020-04,VAR market system,22,0.45454545454545453,0.45,0.5,-0.1,0.5140373897687753,0.3952070933991419
2020-04,VARX/Ridge news system,22,0.45454545454545453,0.4916666666666667,0.14285714285714285,-0.028867513459481284,0.25171172381987544,0.20534225747113116
2020-05,ARIMAX market,21,0.38095238095238093,0.5166666666666667,0.3157894736842105,0.038348249442368525,0.23307334675747596,0.17929439346697698
2020-05,ARIMAX simple news,21,0.38095238095238093,0.5166666666666667,0.3157894736842105,0.038348249442368525,0.2161388196841863,0.16435311451217763
2020-05,LLM multi-agent hybrid,21,0.3333333333333333,0.48333333333333334,0.2222222222222222,-0.04303314829119353,0.14466354187664912,0.11869344143033057
2020-05,Market-only Ridge/LogReg,21,0.5238095238095238,0.4666666666666667,0.6428571428571429,-0.062017367294604234,0.12900136539257162,0.09495111134740199
2020-05,Naive previous return,21,0.6190476190476191,0.5333333333333333,0.7333333333333333,0.06666666666666667,0.08200542067897588,0.056146993538981636
2020-05,VAR market system,21,0.42857142857142855,0.5,0.45454545454545453,0.0,0.04926309454696429,0.03800619380736782
2020-05,VARX/Ridge news system,21,0.47619047619047616,0.5333333333333333,0.5217391304347826,0.062017367294604234,0.12700981495333266,0.09702212964399355
2020-06,ARIMAX market,22,0.45454545454545453,0.3645833333333333,0.6,-0.25074294368839933,0.03370974206366756,0.024201185015910655
2020-06,ARIMAX simple news,22,0.5909090909090909,0.5625,0.6896551724137931,0.11322770341445958,0.029855980796593684,0.021034764333810716
2020-06,LLM multi-agent hybrid,22,0.4090909090909091,0.59375,0.3157894736842105,0.24333213169614382,0.07457831450898907,0.05709704669593878
2020-06,Market-only Ridge/LogReg,22,0.5,0.3958333333333333,0.6451612903225806,-0.19920476822239894,0.04958938748383454,0.03788013624993439
2020-06,Naive previous return,22,0.5454545454545454,0.4270833333333333,0.6875,-0.14583333333333334,0.04772438626469372,0.03595999757247355
2020-06,VAR market system,22,0.5,0.65625,0.47619047619047616,0.33210558207753577,0.03189442879990694,0.024506757027689643
2020-06,VARX/Ridge news system,22,0.45454545454545453,0.41666666666666663,0.5714285714285714,-0.14907119849998599,0.04966821847676423,0.039436738528581074
2020-07,ARIMAX market,23,0.5652173913043478,0.5795454545454546,0.375,0.20966480425560383,0.018201240528885256,0.014489072306110627
2020-07,ARIMAX simple news,23,0.5652173913043478,0.571969696969697,0.5,0.15096490996388545,0.021256277071438172,0.015657420563021524
2020-07,LLM multi-agent hybrid,23,0.43478260869565216,0.4356060606060606,0.43478260869565216,-0.12878787878787878,0.05257180886609665,0.035616729444479286
2020-07,Market-only Ridge/LogReg,23,0.391304347826087,0.38257575757575757,0.5,-0.2549562817969105,0.027508098433270546,0.0238593282803603
2020-07,Naive previous return,23,0.391304347826087,0.39015151515151514,0.4166666666666667,-0.2196969696969697,0.022568345159597186,0.01921972241561925
2020-07,VAR market system,23,0.5652173913043478,0.5833333333333334,0.2857142857142857,0.2954684201426394,0.015559988000847668,0.011983930414853539
2020-07,VARX/Ridge news system,23,0.30434782608695654,0.29545454545454547,0.42857142857142855,-0.44411739409784406,0.03066193741000943,0.027798077627789013
2020-08,ARIMAX market,21,0.5714285714285714,0.5909090909090909,0.3076923076923077,0.309344112444873,0.017555732524763626,0.012723931839554396
2020-08,ARIMAX simple news,21,0.5714285714285714,0.5909090909090909,0.3076923076923077,0.309344112444873,0.023114819495924706,0.01690441218121635
2020-08,LLM multi-agent hybrid,21,0.47619047619047616,0.4772727272727273,0.47619047619047616,-0.045454545454545456,0.03413061132550078,0.021725051162363958
2020-08,Market-only Ridge/LogReg,21,0.47619047619047616,0.46818181818181814,0.56,-0.06741998624632421,0.024049177091396857,0.020551500206207916
2020-08,Naive previous return,21,0.47619047619047616,0.4727272727272727,0.5217391304347826,-0.05504818825631803,0.023691421654732894,0.01758987054909052
2020-08,VAR market system,21,0.5238095238095238,0.5454545454545454,0.16666666666666666,0.21320071635561041,0.016296404761263497,0.012490193686556636
2020-08,VARX/Ridge news system,21,0.5238095238095238,0.5227272727272727,0.5454545454545454,0.045454545454545456,0.022383475235847175,0.019456335229023465
2020-09,ARIMAX market,22,0.6363636363636364,0.641025641025641,0.6,0.2773500981126146,0.04041294272535885,0.030621323599604247
2020-09,ARIMAX simple news,22,0.5454545454545454,0.5641025641025641,0.5454545454545454,0.1282051282051282,0.04096590068270872,0.031190086518436775
2020-09,LLM multi-agent hybrid,22,0.5454545454545454,0.5641025641025641,0.5454545454545454,0.1282051282051282,0.052914682359497194,0.04173024619147422
2020-09,Market-only Ridge/LogReg,22,0.5909090909090909,0.6367521367521367,0.64,0.3019405424385589,0.047386875959247,0.03587824457601982
2020-09,Naive previous return,22,0.5,0.49145299145299143,0.42105263157894735,-0.016878989451394443,0.03508527665476482,0.029095588266248897
2020-09,VAR market system,22,0.4090909090909091,0.3632478632478633,0.13333333333333333,-0.3019405424385589,0.028638312776548557,0.021965494043708726
2020-09,VARX/Ridge news system,22,0.5,0.5427350427350428,0.56,0.09435641951204965,0.0481617592682028,0.037718010468459885
2020-10,ARIMAX market,22,0.5909090909090909,0.5683760683760684,0.47058823529411764,0.13977131156292244,0.030930081095888875,0.026437206181022712
2020-10,ARIMAX simple news,22,0.5,0.49145299145299143,0.42105263157894735,-0.016878989451394443,0.0305144891578854,0.02584474226995468
2020-10,LLM multi-agent hybrid,22,0.5,0.5256410256410257,0.5217391304347826,0.052414241836095915,0.043540029470344854,0.036176447916629266
2020-10,Market-only Ridge/LogReg,22,0.4090909090909091,0.43162393162393164,0.43478260869565216,-0.13977131156292244,0.03683142742459814,0.03173519543120171
2020-10,Naive previous return,22,0.4090909090909091,0.3803418803418803,0.23529411764705882,-0.24459979523511427,0.04343563961470956,0.03656077136244298
2020-10,VAR market system,22,0.5454545454545454,0.49572649572649574,0.2857142857142857,-0.010027613959936446,0.02814210916796242,0.023855627241980468
2020-10,VARX/Ridge news system,22,0.36363636363636365,0.3931623931623932,0.4166666666666667,-0.2255549841503195,0.041170462950612094,0.035968337210637934
2020-11,ARIMAX market,21,0.5238095238095238,0.4285714285714286,0.6666666666666666,-0.15811388300841897,0.027626265048635766,0.020054489567427874
2020-11,ARIMAX simple news,21,0.47619047619047616,0.3928571428571429,0.6206896551724138,-0.22360679774997896,0.027365310677693332,0.02015648066753059
2020-11,LLM multi-agent hybrid,21,0.5714285714285714,0.5357142857142857,0.6666666666666666,0.06933752452815364,0.04180693747987231,0.03289132038297525
2020-11,Market-only Ridge/LogReg,21,0.5238095238095238,0.4285714285714286,0.6666666666666666,-0.15811388300841897,0.03337532211313176,0.028629337417356435
2020-11,Naive previous return,21,0.5238095238095238,0.4642857142857143,0.6428571428571429,-0.07142857142857142,0.037686641463695714,0.028838022565055774
2020-11,VAR market system,21,0.2857142857142857,0.42857142857142855,0.0,-0.31622776601683794,0.028180928441770656,0.021031739049699863
2020-11,VARX/Ridge news system,21,0.5238095238095238,0.4285714285714286,0.6666666666666666,-0.15811388300841897,0.03196229804945008,0.02672006093525065
2020-12,ARIMAX market,23,0.34782608695652173,0.3653846153846154,0.2857142857142857,-0.2802242691589025,0.015568668639012814,0.013097921561530989
2020-12,ARIMAX simple news,23,0.30434782608695654,0.3269230769230769,0.2,-0.3729338685741352,0.016836062037350594,0.014621525310386243
2020-12,LLM multi-agent hybrid,23,0.4782608695652174,0.4461538461538461,0.6,-0.1215783580010781,0.02558071177852913,0.019523025209488853
2020-12,Market-only Ridge/LogReg,23,0.391304347826087,0.38076923076923075,0.46153846153846156,-0.23846153846153847,0.01925273327832629,0.016474545290291513
2020-12,Naive previous return,23,0.5652173913043478,0.5576923076923077,0.6153846153846154,0.11538461538461539,0.020347794966089364,0.015923171832188544
2020-12,VAR market system,23,0.43478260869565216,0.5,0.0,0.0,0.014747682348493819,0.011053237979450794
2020-12,VARX/Ridge news system,23,0.391304347826087,0.38076923076923075,0.46153846153846156,-0.23846153846153847,0.017685021223025846,0.015588250508884651
2021-01,ARIMAX market,21,0.38095238095238093,0.38181818181818183,0.38095238095238093,-0.23636363636363636,0.021065241006614714,0.015243677159194634
2021-01,ARIMAX simple news,21,0.5714285714285714,0.5772727272727273,0.5263157894736842,0.1589409883014377,0.023310381451447933,0.015922871093741835
2021-01,LLM multi-agent hybrid,21,0.42857142857142855,0.42272727272727273,0.5,-0.1589409883014377,0.029811395262788885,0.026672578838371708
2021-01,Market-only Ridge/LogReg,21,0.3333333333333333,0.32727272727272727,0.4166666666666667,-0.35527985620321373,0.02546040887059847,0.022694787901490463
2021-01,Naive previous return,21,0.47619047619047616,0.4772727272727273,0.47619047619047616,-0.045454545454545456,0.023908619069052166,0.018728985521739287
2021-01,VAR market system,21,0.47619047619047616,0.48636363636363633,0.35294117647058826,-0.03015113445777636,0.018032486335114114,0.013047417015031851
2021-01,VARX/Ridge news system,21,0.42857142857142855,0.42272727272727273,0.5,-0.1589409883014377,0.023904011935762172,0.02017376444078321
2021-02,ARIMAX market,20,0.2,0.23809523809523808,0.2,-0.5238095238095238,0.04464099043214219,0.034295357273616475
2021-02,ARIMAX simple news,20,0.15,0.20238095238095238,0.10526315789473684,-0.629940788348712,0.04420225358989656,0.03201635058643183
2021-02,LLM multi-agent hybrid,20,0.35,0.34523809523809523,0.43478260869565216,-0.28511240114923325,0.05662378098072558,0.03994813663409773
2021-02,Market-only Ridge/LogReg,20,0.3,0.35714285714285715,0.3,-0.2857142857142857,0.05087092275406804,0.037515591024547365
2021-02,Naive previous return,20,0.6,0.47619047619047616,0.7333333333333333,-0.0545544725589981,0.019676764625749955,0.015509256888200174
2021-02,VAR market system,20,0.4,0.5714285714285714,0.25,0.21821789023599236,0.017390510362828966,0.015019275534280358
2021-02,VARX/Ridge news system,20,0.3,0.35714285714285715,0.3,-0.2857142857142857,0.045276114640509534,0.03321791608952053
2021-03,ARIMAX market,23,0.391304347826087,0.39015151515151514,0.36363636363636365,-0.2196969696969697,0.034155930529518624,0.026959833020888495
2021-03,ARIMAX simple news,23,0.43478260869565216,0.42803030303030304,0.3157894736842105,-0.15096490996388545,0.034275398132575415,0.026830294718770225
2021-03,LLM multi-agent hybrid,23,0.4782608695652174,0.4734848484848485,0.4,-0.054278245606577465,0.034963116876048375,0.02755967172484285
2021-03,Market-only Ridge/LogReg,23,0.43478260869565216,0.43939393939393934,0.48,-0.12406456138646277,0.035591771614171645,0.0279713828658186
2021-03,Naive previous return,23,0.391304347826087,0.38636363636363635,0.3,-0.2326210525996177,0.046556157245693154,0.03837677200635938
2021-03,VAR market system,23,0.391304347826087,0.40530303030303033,0.5333333333333333,-0.24960095744714741,0.03375436484484735,0.02541631746824815
2021-03,VARX/Ridge news system,23,0.391304347826087,0.3977272727272727,0.46153846153846156,-0.21452908258025827,0.03560058350949825,0.027700337514288288
2021-04,ARIMAX market,22,0.5909090909090909,0.6083333333333334,0.5263157894736842,0.23162640965743445,0.018599499323768413,0.014303561951076777
2021-04,ARIMAX simple news,22,0.6363636363636364,0.6416666666666666,0.6363636363636364,0.2833333333333333,0.01719554626014596,0.01252982463162697
2021-04,LLM multi-agent hybrid,22,0.6363636363636364,0.625,0.6923076923076923,0.25877458475338283,0.026250733609197885,0.02054578433563869
2021-04,Market-only Ridge/LogReg,22,0.7272727272727273,0.7083333333333333,0.7857142857142857,0.4658474953124562,0.016770284398777,0.011477403632774302
2021-04,Naive previous return,22,0.36363636363636365,0.35,0.46153846153846156,-0.3105295017040594,0.02422565846010715,0.019156129892358455
2021-04,VAR market system,22,0.5454545454545454,0.5333333333333333,0.6153846153846154,0.06900655593423542,0.016420519247576724,0.011607348343666514
2021-04,VARX/Ridge news system,22,0.5909090909090909,0.5583333333333333,0.7096774193548387,0.16927779169233606,0.01937097623066878,0.0153319683501667
2021-05,ARIMAX market,21,0.38095238095238093,0.4278846153846154,0.3157894736842105,-0.15504341823651058,0.017638951575874723,0.014342710770177484
2021-05,ARIMAX simple news,21,0.42857142857142855,0.5144230769230769,0.25,0.04003203845127179,0.018572093433407676,0.015587560416476031
2021-05,LLM multi-agent hybrid,21,0.6190476190476191,0.6682692307692308,0.6,0.3466876226407682,0.015400097820953336,0.013276813081820705
2021-05,Market-only Ridge/LogReg,21,0.6666666666666666,0.6346153846153846,0.7407407407407407,0.2773500981126146,0.016051802085898858,0.012616181336826529
2021-05,Naive previous return,21,0.38095238095238093,0.3557692307692308,0.48,-0.28306925853614895,0.027120494554911168,0.02230010952600072
2021-05,VAR market system,21,0.5714285714285714,0.5096153846153846,0.6896551724137931,0.021926450482675733,0.01667050680494746,0.012527809651186217
2021-05,VARX/Ridge news system,21,0.6666666666666666,0.6346153846153846,0.7407407407407407,0.2773500981126146,0.016376931643630542,0.01262278956029062
2021-06,ARIMAX market,22,0.5909090909090909,0.5941176470588235,0.6896551724137931,0.1584236068762679,0.009821769029489063,0.008017698230471298
2021-06,ARIMAX simple news,22,0.5,0.6058823529411765,0.56,0.18448201388042726,0.009101270335981375,0.0074801861600214715
2021-06,LLM multi-agent hybrid,22,0.6818181818181818,0.4411764705882353,0.8108108108108109,-0.17149858514250885,0.02139817442710598,0.017704031470442954
2021-06,Market-only Ridge/LogReg,22,0.7272727272727273,0.47058823529411764,0.8421052631578947,-0.11834526708278771,0.015290251163860683,0.013066360215795702
2021-06,Naive previous return,22,0.6363636363636364,0.48235294117647054,0.7647058823529411,-0.03529411764705882,0.015679630562167972,0.01044786957411168
2021-06,VAR market system,22,0.6363636363636364,0.4117647058823529,0.7777777777777778,-0.2154985579603078,0.010264060077305409,0.008422199620969503
2021-06,VARX/Ridge news system,22,0.6818181818181818,0.4411764705882353,0.8108108108108109,-0.17149858514250885,0.01649808346452261,0.01465931070721152
2021-07,ARIMAX market,22,0.5454545454545454,0.5641025641025641,0.5454545454545454,0.1282051282051282,0.02616002499191465,0.01991964122371524
2021-07,ARIMAX simple news,22,0.4090909090909091,0.3632478632478633,0.5517241379310345,-0.3019405424385589,0.029461359617774345,0.02198172401357243
2021-07,LLM multi-agent hybrid,22,0.5454545454545454,0.5128205128205128,0.6428571428571429,0.02706659809803834,0.039168943467056176,0.029526716323062994
2021-07,Market-only Ridge/LogReg,22,0.45454545454545453,0.4017094017094017,0.6,-0.23063512107853829,0.028688379131159698,0.020968585623266568
2021-07,Naive previous return,22,0.45454545454545453,0.4358974358974359,0.5384615384615384,-0.1282051282051282,0.037021575774899694,0.02870761908260867
2021-07,VAR market system,22,0.5,0.44017094017094016,0.6451612903225806,-0.15253477177414315,0.025569209472568893,0.019420379811333342
2021-07,VARX/Ridge news system,22,0.5454545454545454,0.46153846153846156,0.7058823529411765,-0.18156825980064073,0.03260581079020126,0.023976683732639583
2021-08,ARIMAX market,22,0.5,0.41964285714285715,0.15384615384615385,-0.18448201388042726,0.02346470570436916,0.018803878428298584
2021-08,ARIMAX simple news,22,0.5,0.41964285714285715,0.15384615384615385,-0.18448201388042726,0.023564441545529564,0.019149772407587664
2021-08,LLM multi-agent hybrid,22,0.45454545454545453,0.4375,0.3333333333333333,-0.12076147288491199,0.02677346748353587,0.023317098065304867
2021-08,Market-only Ridge/LogReg,22,0.36363636363636365,0.41964285714285715,0.4166666666666667,-0.1735912687073534,0.022950620154847258,0.01990339235292901
2021-08,Naive previous return,22,0.5454545454545454,0.5089285714285714,0.375,0.017857142857142856,0.0315266653290341,0.025793869594470144
2021-08,VAR market system,22,0.5,0.6071428571428571,0.5925925925925926,0.30037570459305535,0.020945890140552585,0.017900276020983322
2021-08,VARX/Ridge news system,22,0.45454545454545453,0.5178571428571428,0.5,0.03857583749052298,0.022972521572396886,0.019245181898748766
2021-09,ARIMAX market,22,0.45454545454545453,0.4700854700854701,0.45454545454545453,-0.05982905982905983,0.014870918323626487,0.013056997336755484
2021-09,ARIMAX simple news,22,0.3181818181818182,0.33760683760683763,0.2857142857142857,-0.33195686496194077,0.01602921890886046,0.014213805909068228
2021-09,LLM multi-agent hybrid,22,0.36363636363636365,0.32478632478632474,0.5,-0.369910174006524,0.019238276357550894,0.01726729171858614
2021-09,Market-only Ridge/LogReg,22,0.5909090909090909,0.5170940170940171,0.7272727272727273,0.05847053462046861,0.014384805268784346,0.012443721806884696
2021-09,Naive previous return,22,0.5454545454545454,0.5299145299145299,0.6153846153846154,0.05982905982905983,0.018373012520086135,0.01537401397223997
2021-09,VAR market system,22,0.5454545454545454,0.5128205128205128,0.6428571428571429,0.02706659809803834,0.013753724407919011,0.011313163156724022
2021-09,VARX/Ridge news system,22,0.6818181818181818,0.6111111111111112,0.7878787878787878,0.38005847503304596,0.013417990767652124,0.011318920259296887
2021-10,ARIMAX market,21,0.5238095238095238,0.5136363636363637,0.6153846153846154,0.03015113445777636,0.013006723347969599,0.010384172350611164
2021-10,ARIMAX simple news,21,0.42857142857142855,0.4090909090909091,0.6,-0.309344112444873,0.013446493890915514,0.010813235664446872
2021-10,LLM multi-agent hybrid,21,0.5238095238095238,0.5045454545454545,0.6666666666666666,0.015467205622243648,0.02566254722757929,0.02276974705966836
2021-10,Market-only Ridge/LogReg,21,0.5238095238095238,0.5045454545454545,0.6666666666666666,0.015467205622243648,0.018165764468834302,0.015846307078933492
2021-10,Naive previous return,21,0.5238095238095238,0.5227272727272727,0.5454545454545454,0.045454545454545456,0.015578864425744222,0.011888648278605807
2021-10,VAR market system,21,0.5238095238095238,0.5045454545454545,0.6666666666666666,0.015467205622243648,0.011373530843283835,0.009716500331623943
2021-10,VARX/Ridge news system,21,0.5238095238095238,0.5090909090909091,0.6428571428571429,0.023124864503144014,0.019920695771597646,0.017141243764822286
2021-11,ARIMAX market,22,0.6363636363636364,0.6068376068376069,0.5,0.2255549841503195,0.036840687895607085,0.024468798288247547
2021-11,ARIMAX simple news,22,0.5909090909090909,0.5683760683760684,0.47058823529411764,0.13977131156292244,0.03676686384339836,0.025295213106261184
2021-11,LLM multi-agent hybrid,22,0.5454545454545454,0.5641025641025641,0.5454545454545454,0.1282051282051282,0.039155452682080885,0.028721408223293606
2021-11,Market-only Ridge/LogReg,22,0.3181818181818182,0.3547008547008547,0.4,-0.32081182634096883,0.041223532433912545,0.030906110578352745
2021-11,Naive previous return,22,0.5,0.49145299145299143,0.42105263157894735,-0.016878989451394443,0.041592663103316,0.030165064530909766
2021-11,VAR market system,22,0.36363636363636365,0.4444444444444444,0.5333333333333333,-0.26226526415648105,0.03336937358396175,0.022177999199769524
2021-11,VARX/Ridge news system,22,0.3181818181818182,0.33760683760683763,0.34782608695652173,-0.33195686496194077,0.042051001583179155,0.031356899997725
2021-12,ARIMAX market,23,0.391304347826087,0.40384615384615385,0.36363636363636365,-0.1953363462243731,0.026146503037209484,0.021028818234178518
2021-12,ARIMAX simple news,23,0.30434782608695654,0.3153846153846154,0.2727272727272727,-0.3750457847507963,0.030696331805375288,0.025976639371099237
2021-12,LLM multi-agent hybrid,23,0.5217391304347826,0.5192307692307692,0.56,0.0381690510345287,0.032828049982335405,0.02662724129717104
2021-12,Market-only Ridge/LogReg,23,0.6086956521739131,0.5846153846153846,0.6896551724137931,0.18232322463624387,0.022246801323013002,0.01776993112800825
2021-12,Naive previous return,23,0.34782608695652173,0.3423076923076923,0.4,-0.31298621848313535,0.034309705888962004,0.029454254929606936
2021-12,VAR market system,23,0.43478260869565216,0.45384615384615384,0.38095238095238093,-0.09607689228305229,0.02699360507098926,0.021502975712191286
2021-12,VARX/Ridge news system,23,0.4782608695652174,0.45769230769230773,0.5714285714285714,-0.08807048459279793,0.036604425879014295,0.027513254913202986
2022-01,ARIMAX market,21,0.2857142857142857,0.3,0.34782608695652173,-0.3721042037676254,0.016404995302662206,0.013725998551880059
2022-01,ARIMAX simple news,21,0.6190476190476191,0.6333333333333333,0.6923076923076923,0.2412090756622109,0.015672513670889,0.012510743092265344
2022-01,LLM multi-agent hybrid,21,0.8095238095238095,0.8166666666666667,0.8571428571428571,0.5891649892987402,0.017731226114915753,0.014465565694019708
2022-01,Market-only Ridge/LogReg,21,0.5238095238095238,0.41666666666666663,0.6666666666666666,-0.16666666666666666,0.016283410654399446,0.013760235525882812
2022-01,Naive previous return,21,0.42857142857142855,0.3,0.6,-0.4,0.022172862494364145,0.01806955182261081
2022-01,VAR market system,21,0.5238095238095238,0.36666666666666664,0.6875,-0.3067859955389482,0.01588206243104264,0.012782037465972663
2022-01,VARX/Ridge news system,21,0.5714285714285714,0.44999999999999996,0.7096774193548387,-0.10606601717798213,0.01728241286565058,0.014062392632948955
2022-02,ARIMAX market,20,0.35,0.4340659340659341,0.23529411764705882,-0.15724272550828775,0.03136145441853759,0.02446956560317622
2022-02,ARIMAX simple news,20,0.4,0.5054945054945055,0.25,0.014678923792502562,0.0322941804520227,0.025072907424359542
2022-02,LLM multi-agent hybrid,20,0.4,0.5384615384615384,0.14285714285714285,0.16834512458535864,0.03556030107745986,0.027532892187542124
2022-02,Market-only Ridge/LogReg,20,0.6,0.6593406593406593,0.6,0.31868131868131866,0.03050566302489563,0.022411992976459922
2022-02,Naive previous return,20,0.35,0.30219780219780223,0.48,-0.3851644432598216,0.03764066727451037,0.03110008602532237
2022-02,VAR market system,20,0.65,0.5659340659340659,0.7586206896551724,0.15724272550828775,0.027784001237492764,0.021816677404840914
2022-02,VARX/Ridge news system,20,0.6,0.6263736263736264,0.6363636363636364,0.24232015747572203,0.03054702093262418,0.02227943237706412
2022-03,ARIMAX market,23,0.34782608695652173,0.3307692307692308,0.21052631578947367,-0.34379196935489664,0.05759559441509191,0.046256926083309495
2022-03,ARIMAX simple news,23,0.391304347826087,0.36923076923076925,0.2222222222222222,-0.2722178614686481,0.058506819491053394,0.04741320651874473
2022-03,LLM multi-agent hybrid,23,0.5217391304347826,0.49615384615384617,0.35294117647058826,-0.008287419301647449,0.06060666961093497,0.05105136392780609
2022-03,Market-only Ridge/LogReg,23,0.43478260869565216,0.4192307692307692,0.3157894736842105,-0.1640825308284734,0.058810488168716736,0.04810523576379581
2022-03,Naive previous return,23,0.4782608695652174,0.4807692307692308,0.45454545454545453,-0.0381690510345287,0.07440378497715489,0.057546742694386234
2022-03,VAR market system,23,0.4782608695652174,0.5384615384615384,0.625,0.18698939800169143,0.05282596911129246,0.04289478581830435
2022-03,VARX/Ridge news system,23,0.4782608695652174,0.45769230769230773,0.3333333333333333,-0.08807048459279793,0.0586137938929264,0.04811229798211933
2022-04,ARIMAX market,21,0.5238095238095238,0.5136363636363637,0.375,0.03015113445777636,0.03525270838166459,0.027284932736184323
2022-04,ARIMAX simple news,21,0.5238095238095238,0.5136363636363637,0.375,0.03015113445777636,0.03554840228660087,0.027541411729814298
2022-04,LLM multi-agent hybrid,21,0.6190476190476191,0.6136363636363636,0.5555555555555556,0.2337367475021143,0.03365540517456229,0.024832019360313824
2022-04,Market-only Ridge/LogReg,21,0.5238095238095238,0.5318181818181817,0.5833333333333334,0.06741998624632421,0.03521112979326027,0.027740603837131776
2022-04,Naive previous return,21,0.47619047619047616,0.4727272727272727,0.42105263157894735,-0.05504818825631803,0.05011896904806487,0.04205680695530041
2022-04,VAR market system,21,0.47619047619047616,0.4818181818181818,0.5217391304347826,-0.03739787960033829,0.03120440626502825,0.024167377018994924
2022-04,VARX/Ridge news system,21,0.5238095238095238,0.5318181818181817,0.5833333333333334,0.06741998624632421,0.03490025940825981,0.027055487808350893
2022-05,ARIMAX market,22,0.4090909090909091,0.4375,0.48,-0.11322770341445958,0.030231967664140724,0.02520295233926557
2022-05,ARIMAX simple news,22,0.4090909090909091,0.4375,0.48,-0.11322770341445958,0.0306559914566743,0.02569708820052385
2022-05,LLM multi-agent hybrid,22,0.45454545454545453,0.5729166666666667,0.45454545454545453,0.14583333333333334,0.031068789692709715,0.02632324403612647
2022-05,Market-only Ridge/LogReg,22,0.6363636363636364,0.6458333333333333,0.7142857142857143,0.2608745973749754,0.02747545355771834,0.02139119926272269
2022-05,Naive previous return,22,0.45454545454545453,0.3125,0.625,-0.375,0.045263470077113656,0.03682005527577151
2022-05,VAR market system,22,0.6818181818181818,0.5729166666666666,0.7878787878787878,0.15498260496951669,0.028959802178816434,0.023699619936852302
2022-05,VARX/Ridge news system,22,0.6818181818181818,0.625,0.7741935483870968,0.23904572186687875,0.027706415815052395,0.020775643123238072
2022-06,ARIMAX market,22,0.5909090909090909,0.5170940170940171,0.18181818181818182,0.05847053462046861,0.02145634163087571,0.016613671921540354
2022-06,ARIMAX simple news,22,0.5909090909090909,0.5,0.0,0.0,0.022948918661155438,0.017768453658609733
2022-06,LLM multi-agent hybrid,22,0.5909090909090909,0.5,0.0,0.0,0.027947149146053972,0.022952245868484978
2022-06,Market-only Ridge/LogReg,22,0.6363636363636364,0.5555555555555556,0.2,0.26226526415648105,0.023120980633564964,0.018337131287480088
2022-06,Naive previous return,22,0.3181818181818182,0.30341880341880345,0.21052631578947367,-0.38821675738207223,0.027588315422909206,0.02312011343526392
2022-06,VAR market system,22,0.45454545454545453,0.5213675213675213,0.5714285714285714,0.06122652986422042,0.018783302978872228,0.014863386958156682
2022-06,VARX/Ridge news system,22,0.5909090909090909,0.5341880341880342,0.3076923076923077,0.0871627267280818,0.023527045098978842,0.01880036059343808
2022-07,ARIMAX market,21,0.3333333333333333,0.4375,0.0,-0.2850438562747845,0.04023903534816282,0.0331929706825854
2022-07,ARIMAX simple news,21,0.3333333333333333,0.4375,0.0,-0.2850438562747845,0.04059500223434797,0.03362891043938974
2022-07,LLM multi-agent hybrid,21,0.3333333333333333,0.4375,0.0,-0.2850438562747845,0.044952636089604155,0.03871011759488731
2022-07,Market-only Ridge/LogReg,21,0.3333333333333333,0.4375,0.0,-0.2850438562747845,0.04242580685591186,0.03626643753520778
2022-07,Naive previous return,21,0.47619047619047616,0.4567307692307692,0.56,-0.08492077756084468,0.05472291876226606,0.04393493849704627
2022-07,VAR market system,21,0.6190476190476191,0.5480769230769231,0.7333333333333333,0.11891287353862351,0.035860776477419844,0.02672456987203443
2022-07,VARX/Ridge news system,21,0.38095238095238093,0.47596153846153844,0.13333333333333333,-0.07953559537197222,0.04109727746775404,0.034968246950198345
2022-08,ARIMAX market,23,0.5652173913043478,0.5492424242424242,0.2857142857142857,0.1460766368670358,0.026472486492197408,0.0232556707555268
2022-08,ARIMAX simple news,23,0.5652173913043478,0.5492424242424242,0.2857142857142857,0.1460766368670358,0.026906458856159696,0.0238022729963346
2022-08,LLM multi-agent hybrid,23,0.6521739130434783,0.6401515151515151,0.5,0.3394638275806278,0.027943689562336792,0.02374413421519497
2022-08,Market-only Ridge/LogReg,23,0.6521739130434783,0.6401515151515151,0.5,0.3394638275806278,0.02728350332903569,0.023749209369657548
2022-08,Naive previous return,23,0.6086956521739131,0.6098484848484849,0.6086956521739131,0.2196969696969697,0.039247445515987106,0.032168813010302014
2022-08,VAR market system,23,0.43478260869565216,0.45454545454545453,0.6060606060606061,-0.22268088570756164,0.027496842370017982,0.022368656602505584
2022-08,VARX/Ridge news system,23,0.5652173913043478,0.5606060606060606,0.5,0.12406456138646277,0.02859432443846749,0.02527733685401873
2022-09,ARIMAX market,22,0.45454545454545453,0.5213675213675213,0.25,0.06122652986422042,0.02962398247758708,0.02314025840851536
2022-09,ARIMAX simple news,22,0.4090909090909091,0.48290598290598286,0.13333333333333333,-0.05847053462046861,0.0295619487505231,0.023708323144638443
2022-09,LLM multi-agent hybrid,22,0.45454545454545453,0.4358974358974359,0.5384615384615384,-0.1282051282051282,0.03654316400939406,0.027956443473465185
2022-09,Market-only Ridge/LogReg,22,0.6818181818181818,0.7136752136752136,0.6666666666666666,0.4367853486341326,0.028111563006962593,0.021206308259273648
2022-09,Naive previous return,22,0.3181818181818182,0.30341880341880345,0.4,-0.38821675738207223,0.048950270273540326,0.039340825301192026
2022-09,VAR market system,22,0.5909090909090909,0.5512820512820513,0.6896551724137931,0.11322770341445958,0.02761043904885362,0.020521815660546144
2022-09,VARX/Ridge news system,22,0.5909090909090909,0.5854700854700855,0.64,0.16878989451394444,0.029690631580203134,0.023122465362137242
2022-10,ARIMAX market,21,0.38095238095238093,0.40384615384615385,0.38095238095238093,-0.19230769230769232,0.020094400558976596,0.017365286457248604
2022-10,ARIMAX simple news,21,0.3333333333333333,0.3653846153846154,0.3,-0.2773500981126146,0.02111479613834892,0.017814613036469713
2022-10,LLM multi-agent hybrid,21,0.5238095238095238,0.47115384615384615,0.6428571428571429,-0.062017367294604234,0.01884050360445747,0.01574793528219239
2022-10,Market-only Ridge/LogReg,21,0.47619047619047616,0.5288461538461539,0.42105263157894735,0.062017367294604234,0.021354730812046575,0.017635161220725264
2022-10,Naive previous return,21,0.5238095238095238,0.4951923076923077,0.6153846153846154,-0.009615384615384616,0.02459658510371177,0.020640759535791132
2022-10,VAR market system,21,0.5714285714285714,0.4855769230769231,0.7096774193548387,-0.04003203845127179,0.01788737405590877,0.015326967691724779
2022-10,VARX/Ridge news system,21,0.42857142857142855,0.46634615384615385,0.4,-0.06933752452815364,0.023000372147992686,0.01855602385777588
2022-11,ARIMAX market,22,0.5454545454545454,0.5,0.0,0.0,0.02116527909433256,0.01802217400207946
2022-11,ARIMAX simple news,22,0.6363636363636364,0.6,0.3333333333333333,0.3464101615137754,0.021530216728760914,0.01808411545678909
2022-11,LLM multi-agent hybrid,22,0.5,0.4916666666666667,0.42105263157894735,-0.016878989451394443,0.021788386978119852,0.01869944010259385
2022-11,Market-only Ridge/LogReg,22,0.5909090909090909,0.575,0.47058823529411764,0.16035674514745463,0.020305706157343742,0.017254555853331008
2022-11,Naive previous return,22,0.4090909090909091,0.4,0.3157894736842105,-0.20254787341673333,0.031233339078923013,0.025403699617920206
2022-11,VAR market system,22,0.3181818181818182,0.3333333333333333,0.4,-0.3563483225498992,0.021974797406733686,0.017666532738038348
2022-11,VARX/Ridge news system,22,0.6363636363636364,0.625,0.5555555555555556,0.25877458475338283,0.020428133473720717,0.017559886699036555
2022-12,ARIMAX market,22,0.4090909090909091,0.3632478632478633,0.13333333333333333,-0.3019405424385589,0.022420147357679852,0.01968529261186873
2022-12,ARIMAX simple news,22,0.4090909090909091,0.3632478632478633,0.13333333333333333,-0.3019405424385589,0.02312496903435138,0.02025139273696672
2022-12,LLM multi-agent hybrid,22,0.5,0.5085470085470085,0.47619047619047616,0.016878989451394443,0.023193755893237175,0.019689712508538945
2022-12,Market-only Ridge/LogReg,22,0.45454545454545453,0.452991452991453,0.4,-0.09245003270420485,0.023285477973127973,0.01935302879641957
2022-12,Naive previous return,22,0.5909090909090909,0.5854700854700855,0.5263157894736842,0.16878989451394444,0.0298266387290722,0.025106240169006897
2022-12,VAR market system,22,0.45454545454545453,0.5213675213675213,0.5714285714285714,0.06122652986422042,0.02283035604713605,0.0184245151853174
2022-12,VARX/Ridge news system,22,0.4090909090909091,0.39743589743589747,0.3157894736842105,-0.20254787341673333,0.024905384439792885,0.020657026371234902
2023-01,ARIMAX market,22,0.45454545454545453,0.4545454545454546,0.25,-0.10846522890932808,0.02328149335385698,0.01854944307851974
2023-01,ARIMAX simple news,22,0.4090909090909091,0.4090909090909091,0.13333333333333333,-0.23570226039551584,0.023908673515582055,0.01884923515790191
2023-01,LLM multi-agent hybrid,22,0.36363636363636365,0.36363636363636365,0.4166666666666667,-0.2773500981126146,0.028435938309044447,0.022248294134265358
2023-01,Market-only Ridge/LogReg,22,0.7272727272727273,0.7272727272727273,0.75,0.46225016352102427,0.020078875543716,0.015343622871089346
2023-01,Naive previous return,22,0.5909090909090909,0.5909090909090908,0.6086956521739131,0.18257418583505536,0.03090500503475806,0.024111836482463008
2023-01,VAR market system,22,0.45454545454545453,0.45454545454545453,0.625,-0.2182178902359924,0.022480874516416498,0.017880411000959055
2023-01,VARX/Ridge news system,22,0.5909090909090909,0.5909090909090908,0.6086956521739131,0.18257418583505536,0.02224797892932026,0.018699165060494335
2023-02,ARIMAX market,20,0.45,0.45,0.0,-0.22941573387056174,0.02124574225198546,0.017171155139878595
2023-02,ARIMAX simple news,20,0.45,0.45,0.0,-0.22941573387056174,0.021824028348967097,0.017255690240764877
2023-02,LLM multi-agent hybrid,20,0.55,0.55,0.18181818181818182,0.22941573387056174,0.02043180739047726,0.016687481958071015
2023-02,Market-only Ridge/LogReg,20,0.5,0.5,0.375,0.0,0.019180033649685853,0.01629207751085144
2023-02,Naive previous return,20,0.4,0.4,0.3333333333333333,-0.2041241452319315,0.027382819148389127,0.022902015181144895
2023-02,VAR market system,20,0.45,0.45,0.5925925925925926,-0.140028008402801,0.01817829481263457,0.01566219184103066
2023-02,VARX/Ridge news system,20,0.45,0.45,0.42105263157894735,-0.10050378152592121,0.018950806950307857,0.016111288252266362
2023-03,ARIMAX market,23,0.4782608695652174,0.49242424242424243,0.25,-0.01996807659577179,0.02756382575630478,0.021931845974059897
2023-03,ARIMAX simple news,23,0.4782608695652174,0.49242424242424243,0.25,-0.01996807659577179,0.027767986784960032,0.021922848562879852
2023-03,LLM multi-agent hybrid,23,0.5652173913043478,0.5757575757575758,0.4444444444444444,0.17236256333167305,0.02941974819243165,0.022308710708209292
2023-03,Market-only Ridge/LogReg,23,0.6086956521739131,0.6136363636363636,0.5714285714285714,0.2326210525996177,0.029431712067988405,0.022974314327250153
2023-03,Naive previous return,23,0.4782608695652174,0.4772727272727273,0.5,-0.045454545454545456,0.03570091667452898,0.028486368050667326
2023-03,VAR market system,23,0.5217391304347826,0.5075757575757576,0.6451612903225806,0.01996807659577179,0.028022118770831998,0.022527709299065894
2023-03,VARX/Ridge news system,23,0.5217391304347826,0.5227272727272727,0.5217391304347826,0.045454545454545456,0.029885141779708826,0.023325059719400406
2023-04,ARIMAX market,20,0.6,0.5757575757575758,0.42857142857142855,0.17407765595569785,0.016792787826893484,0.013563187385137931
2023-04,ARIMAX simple news,20,0.6,0.5757575757575758,0.42857142857142855,0.17407765595569785,0.01713143973873573,0.013631938253337663
2023-04,LLM multi-agent hybrid,20,0.65,0.6414141414141414,0.5882352941176471,0.28721347895177635,0.01546385549858063,0.01252002950448689
2023-04,Market-only Ridge/LogReg,20,0.4,0.40404040404040403,0.4,-0.1919191919191919,0.01771356444612561,0.01369768757115209
2023-04,Naive previous return,20,0.25,0.24747474747474746,0.21052631578947367,-0.502518907629606,0.028800876279484664,0.02107839180951383
2023-04,VAR market system,20,0.35,0.3888888888888889,0.5185185185185185,-0.3685138655950444,0.014693220666091604,0.010749023393692344
2023-04,VARX/Ridge news system,20,0.4,0.41414141414141414,0.45454545454545453,-0.17910620335162064,0.018216084454767908,0.013101144582049798
2023-05,ARIMAX market,23,0.4782608695652174,0.4230769230769231,0.0,-0.27066598098038336,0.024549263260217887,0.020114827786630513
2023-05,ARIMAX simple news,23,0.5217391304347826,0.47307692307692306,0.15384615384615385,-0.07925939239012171,0.025041195490552386,0.02026174780288342
2023-05,LLM multi-agent hybrid,23,0.7391304347826086,0.7692307692307692,0.7692307692307693,0.5801193511153214,0.024034063021313275,0.018516637429843195
2023-05,Market-only Ridge/LogReg,23,0.6521739130434783,0.6692307692307693,0.6666666666666666,0.34379196935489664,0.02358885535547792,0.01844001015139813
2023-05,Naive previous return,23,0.4782608695652174,0.46923076923076923,0.4,-0.06153846153846154,0.03893808188263051,0.030591284622254137
2023-05,VAR market system,23,0.5217391304347826,0.5538461538461539,0.5925925925925926,0.1215783580010781,0.02405550661871966,0.01894341943924144
2023-05,VARX/Ridge news system,23,0.6086956521739131,0.6307692307692307,0.64,0.2722178614686481,0.024956876504265157,0.019867411165572876
2023-06,ARIMAX market,22,0.45454545454545453,0.4916666666666667,0.14285714285714285,-0.028867513459481284,0.02054844469343928,0.015953639791176897
2023-06,ARIMAX simple news,22,0.5,0.5416666666666666,0.15384615384615385,0.19920476822239894,0.02099761287447037,0.01631549694820132
2023-06,LLM multi-agent hybrid,22,0.6818181818181818,0.6833333333333333,0.6956521739130435,0.3651483716701107,0.019710235663552046,0.015581529968290512
2023-06,Market-only Ridge/LogReg,22,0.6363636363636364,0.6333333333333333,0.6666666666666666,0.26666666666666666,0.0199388024832943,0.015199113798649421
2023-06,Naive previous return,22,0.5,0.5,0.5217391304347826,0.0,0.027390649546968696,0.024018681764919867
2023-06,VAR market system,22,0.5454545454545454,0.5333333333333333,0.6153846153846154,0.06900655593423542,0.019682961369434513,0.015485421056886767
2023-06,VARX/Ridge news system,22,0.6818181818181818,0.6666666666666667,0.7407407407407407,0.3563483225498992,0.020117215697848516,0.015370841771637129
2023-07,ARIMAX market,21,0.42857142857142855,0.45,0.5,-0.09128709291752768,0.016971742035033276,0.014666799295044306
2023-07,ARIMAX simple news,21,0.47619047619047616,0.43333333333333335,0.5925925925925926,-0.12171612389003691,0.014942658837699239,0.0122843489058118
2023-07,LLM multi-agent hybrid,21,0.42857142857142855,0.35,0.5714285714285714,-0.279078152825719,0.019908864680615368,0.01711319493870905
2023-07,Market-only Ridge/LogReg,21,0.5238095238095238,0.5166666666666666,0.6153846153846154,0.03015113445777636,0.01579552223975962,0.013886373688451007
2023-07,Naive previous return,21,0.6190476190476191,0.5333333333333333,0.7333333333333333,0.06666666666666667,0.01957963106718985,0.01652011381032277
2023-07,VAR market system,21,0.7619047619047619,0.6333333333333333,0.8484848484848485,0.3442651863295482,0.01498806983386214,0.01240996280328877
2023-07,VARX/Ridge news system,21,0.42857142857142855,0.45,0.5,-0.09128709291752768,0.018566062532745762,0.015477861826172109
2023-08,ARIMAX market,23,0.391304347826087,0.45,0.0,-0.24308621740219885,0.016380463276783445,0.01405286842070435
2023-08,ARIMAX simple news,23,0.21739130434782608,0.23846153846153847,0.1,-0.5635445125120265,0.016169207042444934,0.01400415510117032
2023-08,LLM multi-agent hybrid,23,0.5652173913043478,0.5461538461538462,0.6428571428571429,0.09607689228305229,0.016722718271848368,0.014360469673093656
2023-08,Market-only Ridge/LogReg,23,0.391304347826087,0.40384615384615385,0.36363636363636365,-0.1953363462243731,0.015483861819437228,0.013109649584869123
2023-08,Naive previous return,23,0.391304347826087,0.38076923076923075,0.46153846153846156,-0.23846153846153847,0.020540804432989675,0.017389756426691876
2023-08,VAR market system,23,0.5217391304347826,0.46153846153846156,0.6857142857142857,-0.18698939800169143,0.013859869459760116,0.011821268347434775
2023-08,VARX/Ridge news system,23,0.5217391304347826,0.5076923076923077,0.5925925925925926,0.015626907697949846,0.015543093142437006,0.013559591559891475
2023-09,ARIMAX market,21,0.42857142857142855,0.5357142857142857,0.3333333333333333,0.08574929257125442,0.014601016362329553,0.010941204445142258
2023-09,ARIMAX simple news,21,0.5238095238095238,0.5357142857142857,0.5833333333333334,0.06741998624632421,0.014395448832231279,0.010328642814776698
2023-09,LLM multi-agent hybrid,21,0.5714285714285714,0.5714285714285714,0.64,0.13483997249264842,0.01593734148299781,0.013320797869590445
2023-09,Market-only Ridge/LogReg,21,0.42857142857142855,0.5,0.4,0.0,0.015133396836970148,0.01160572154614978
2023-09,Naive previous return,21,0.5238095238095238,0.4285714285714286,0.6666666666666666,-0.15811388300841897,0.017650526134129856,0.013466656901449372
2023-09,VAR market system,21,0.5714285714285714,0.42857142857142855,0.7272727272727273,-0.22941573387056177,0.01493833954766043,0.00943565590157174
2023-09,VARX/Ridge news system,21,0.6666666666666666,0.6428571428571428,0.7407407407407407,0.2773500981126146,0.014578462962263219,0.011157682746604152
2023-10,ARIMAX market,22,0.5454545454545454,0.5333333333333333,0.4444444444444444,0.06900655593423542,0.027237517625265054,0.02201428148475503
2023-10,ARIMAX simple news,22,0.5454545454545454,0.5333333333333333,0.4444444444444444,0.06900655593423542,0.027165663361664167,0.022448240318547284
2023-10,LLM multi-agent hybrid,22,0.5909090909090909,0.6083333333333334,0.64,0.23162640965743445,0.0323390526346265,0.026100174038538395
2023-10,Market-only Ridge/LogReg,22,0.5909090909090909,0.6,0.6086956521739131,0.20254787341673333,0.028561820454687234,0.023071688222023042
2023-10,Naive previous return,22,0.4090909090909091,0.4,0.3157894736842105,-0.20254787341673333,0.04385364191005765,0.03512529513282881
2023-10,VAR market system,22,0.5454545454545454,0.5666666666666667,0.6153846153846154,0.14907119849998599,0.029186725641416972,0.02346210833261174
2023-10,VARX/Ridge news system,22,0.5,0.5,0.47619047619047616,0.0,0.031125495019001113,0.025477903618525265
2023-11,ARIMAX market,22,0.4090909090909091,0.34615384615384615,0.0,-0.3922322702763681,0.027418142933629125,0.022229992402376973
2023-11,ARIMAX simple news,22,0.4090909090909091,0.34615384615384615,0.0,-0.3922322702763681,0.02742134698943312,0.0223327353658179
2023-11,LLM multi-agent hybrid,22,0.6363636363636364,0.5897435897435898,0.42857142857142855,0.21057989315866538,0.023975165014949514,0.020005747333307535
2023-11,Market-only Ridge/LogReg,22,0.45454545454545453,0.452991452991453,0.4,-0.09245003270420485,0.02621171573411171,0.0213711749141933
2023-11,Naive previous return,22,0.3181818181818182,0.30341880341880345,0.21052631578947367,-0.38821675738207223,0.04164328137494995,0.03509683307122618
2023-11,VAR market system,22,0.36363636363636365,0.41025641025641024,0.46153846153846156,-0.21057989315866538,0.025013124606620724,0.020273969852735513
2023-11,VARX/Ridge news system,22,0.5,0.5256410256410257,0.5217391304347826,0.052414241836095915,0.0261047309802135,0.021641616259367384
2023-12,ARIMAX market,21,0.6190476190476191,0.4642857142857143,0.0,-0.15811388300841897,0.019528412911674762,0.014736671269332416
2023-12,ARIMAX simple news,21,0.6190476190476191,0.4642857142857143,0.0,-0.15811388300841897,0.019528155115069862,0.014502411063597351
2023-12,LLM multi-agent hybrid,21,0.6666666666666666,0.6071428571428571,0.46153846153846156,0.22360679774997896,0.019755394840373502,0.015773830279607187
2023-12,Market-only Ridge/LogReg,21,0.6190476190476191,0.5714285714285714,0.42857142857142855,0.14285714285714285,0.017343221867209057,0.013850204701906899
2023-12,Naive previous return,21,0.5238095238095238,0.4642857142857143,0.2857142857142857,-0.07142857142857142,0.026342417946901987,0.01998886458605288
2023-12,VAR market system,21,0.42857142857142855,0.5357142857142857,0.5,0.08574929257125442,0.017273000552580995,0.01253630477268806
2023-12,VARX/Ridge news system,21,0.5714285714285714,0.5357142857142857,0.4,0.06933752452815364,0.017513544357339744,0.014076568362652636
2024-01,ARIMAX market,23,0.4782608695652174,0.5317460317460317,0.4,0.07056748320332842,0.021605007455837266,0.01675433948006574
2024-01,ARIMAX simple news,23,0.43478260869565216,0.49603174603174605,0.3157894736842105,-0.00939060283031685,0.022504574749640054,0.017599081589530344
2024-01,LLM multi-agent hybrid,23,0.5217391304347826,0.5277777777777778,0.56,0.054278245606577465,0.01681673085352296,0.013157046822475878
2024-01,Market-only Ridge/LogReg,23,0.4782608695652174,0.5119047619047619,0.45454545454545453,0.02439750182371333,0.018446632088094436,0.015142330422874248
2024-01,Naive previous return,23,0.6521739130434783,0.6349206349206349,0.7142857142857143,0.2698412698412698,0.01580455498315372,0.012800093509442063
2024-01,VAR market system,23,0.5652173913043478,0.5238095238095238,0.6666666666666666,0.05050762722761054,0.016970857378688444,0.012992799677651903
2024-01,VARX/Ridge news system,23,0.5217391304347826,0.5476190476190476,0.5217391304347826,0.09523809523809523,0.018900603192947958,0.014879524064933666
2024-02,ARIMAX market,21,0.42857142857142855,0.4861111111111111,0.14285714285714285,-0.046829290579084706,0.013510303890171394,0.011667140803497348
2024-02,ARIMAX simple news,21,0.42857142857142855,0.4861111111111111,0.14285714285714285,-0.046829290579084706,0.014597989116753913,0.012492034135187981
2024-02,LLM multi-agent hybrid,21,0.5714285714285714,0.5833333333333333,0.5714285714285714,0.16666666666666666,0.011968516660998884,0.01067814258852621
2024-02,Market-only Ridge/LogReg,21,0.5238095238095238,0.5833333333333334,0.2857142857142857,0.2809757434745082,0.012439481845496302,0.01022831678716792
2024-02,Naive previous return,21,0.42857142857142855,0.4305555555555556,0.45454545454545453,-0.13762047064079508,0.015858031632900088,0.012492720340108525
2024-02,VAR market system,21,0.6190476190476191,0.5694444444444444,0.7333333333333333,0.19641855032959651,0.011662003568773187,0.008295288178519213
2024-02,VARX/Ridge news system,21,0.42857142857142855,0.4861111111111111,0.14285714285714285,-0.046829290579084706,0.014448256596523924,0.011712123205343669
2024-03,ARIMAX market,21,0.5238095238095238,0.4861111111111111,0.2857142857142857,-0.032274861218395144,0.0132952360558212,0.010623328801565813
2024-03,ARIMAX simple news,21,0.6190476190476191,0.6111111111111112,0.5555555555555556,0.2222222222222222,0.012249301774974792,0.010125984977006303
2024-03,LLM multi-agent hybrid,21,0.2857142857142857,0.3333333333333333,0.4444444444444444,-0.4714045207910316,0.020650834243144425,0.018075921924082805
2024-03,Market-only Ridge/LogReg,21,0.42857142857142855,0.4444444444444444,0.45454545454545453,-0.11322770341445958,0.014271462467676261,0.01171024622872964
2024-03,Naive previous return,21,0.42857142857142855,0.4305555555555556,0.4,-0.13762047064079508,0.017141026585332488,0.015868328942990225
2024-03,VAR market system,21,0.42857142857142855,0.4583333333333333,0.5,-0.09128709291752768,0.012367711770184494,0.010102422284970741
2024-03,VARX/Ridge news system,21,0.3333333333333333,0.3472222222222222,0.36363636363636365,-0.31137618438976383,0.0159847174463146,0.01337558650520721
2024-04,ARIMAX market,22,0.6818181818181818,0.6282051282051282,0.46153846153846156,0.3268602252303067,0.01938473943974134,0.01488821384382341
2024-04,ARIMAX simple news,22,0.6363636363636364,0.5726495726495726,0.3333333333333333,0.20817020153834942,0.019459706368033063,0.014986203041086145
2024-04,LLM multi-agent hybrid,22,0.7272727272727273,0.717948717948718,0.6666666666666666,0.4358974358974359,0.016673151554514782,0.011630106564155201
2024-04,Market-only Ridge/LogReg,22,0.5909090909090909,0.6025641025641025,0.5714285714285714,0.20254787341673333,0.01790664953371385,0.012937095814362259
2024-04,Naive previous return,22,0.5454545454545454,0.5299145299145299,0.4444444444444444,0.05982905982905983,0.018488138954259083,0.016206856687377504
2024-04,VAR market system,22,0.4090909090909091,0.48290598290598286,0.5517241379310345,-0.05847053462046861,0.018803359242564304,0.01444038917868645
2024-04,VARX/Ridge news system,22,0.5909090909090909,0.6367521367521367,0.64,0.3019405424385589,0.01834912088989211,0.012718652463359053
2024-05,ARIMAX market,23,0.782608695652174,0.7633928571428572,0.6666666666666666,0.5089233500149862,0.013814808898904657,0.01061449643056241
2024-05,ARIMAX simple news,23,0.8260869565217391,0.7946428571428572,0.7142857142857143,0.5892857142857143,0.013676430605252496,0.010580098611470077
2024-05,LLM multi-agent hybrid,23,0.34782608695652173,0.53125,0.4827586206896552,0.14101901870444156,0.01846904412778128,0.015403005264439606
2024-05,Market-only Ridge/LogReg,23,0.30434782608695654,0.5,0.4666666666666667,0.0,0.01924986773247424,0.01595569524431363
2024-05,Naive previous return,23,0.391304347826087,0.28125,0.0,-0.4375,0.022614670690934154,0.018564732345775718
2024-05,VAR market system,23,0.30434782608695654,0.41964285714285715,0.38461538461538464,-0.195099743142927,0.015543977875955113,0.011773909767202561
2024-05,VARX/Ridge news system,23,0.30434782608695654,0.5,0.4666666666666667,0.0,0.020459941384971963,0.017060479891642107
2024-06,ARIMAX market,20,0.45,0.5392156862745098,0.56,0.05716619504750295,0.013054579604221836,0.009826425828721673
2024-06,ARIMAX simple news,20,0.35,0.48039215686274506,0.43478260869565216,-0.030556616567607043,0.013226513508467356,0.010036187882306587
2024-06,LLM multi-agent hybrid,20,0.6,0.6274509803921569,0.7142857142857143,0.1829534767323246,0.012830697571181788,0.010451685030196473
2024-06,Market-only Ridge/LogReg,20,0.75,0.5784313725490196,0.8484848484848485,0.14002800840280097,0.012350597626916749,0.009763987779227944
2024-06,Naive previous return,20,0.75,0.5784313725490196,0.8484848484848485,0.14002800840280097,0.01799491387346236,0.013130248140496103
2024-06,VAR market system,20,0.7,0.4117647058823529,0.8235294117647058,-0.17647058823529413,0.012082068791471579,0.009464716520508322
2024-06,VARX/Ridge news system,20,0.7,0.4117647058823529,0.8235294117647058,-0.17647058823529413,0.013108833367907215,0.010534706180617498
2024-07,ARIMAX market,23,0.5217391304347826,0.46825396825396826,0.26666666666666666,-0.07056748320332842,0.012873826024112025,0.010281322046925853
2024-07,ARIMAX simple news,23,0.5652173913043478,0.4841269841269841,0.16666666666666666,-0.046004370622823615,0.01281228412872632,0.010258132343657042
2024-07,LLM multi-agent hybrid,23,0.43478260869565216,0.49603174603174605,0.5185185185185185,-0.00939060283031685,0.01380056387747892,0.010848321512578498
2024-07,Market-only Ridge/LogReg,23,0.43478260869565216,0.5357142857142857,0.5806451612903226,0.17094086468945693,0.014813432176591127,0.011571231018892734
2024-07,Naive previous return,23,0.6521739130434783,0.6349206349206349,0.5555555555555556,0.2698412698412698,0.015617810541963519,0.012529120711792274
2024-07,VAR market system,23,0.391304347826087,0.46031746031746035,0.5,-0.10218988991416098,0.012392199821416667,0.009782263643444278
2024-07,VARX/Ridge news system,23,0.391304347826087,0.5,0.5625,0.0,0.01546415991497758,0.012550518934765295
2024-08,ARIMAX market,22,0.5,0.45726495726495725,0.26666666666666666,-0.09435641951204965,0.019095218933319846,0.015584325746266501
2024-08,ARIMAX simple news,22,0.5909090909090909,0.5341880341880342,0.3076923076923077,0.0871627267280818,0.019416008618489838,0.015653304567492914
2024-08,LLM multi-agent hybrid,22,0.5,0.5427350427350428,0.56,0.09435641951204965,0.01981058671423116,0.017175342929013807
2024-08,Market-only Ridge/LogReg,22,0.45454545454545453,0.4700854700854701,0.45454545454545453,-0.05982905982905983,0.019120657804715082,0.015252816576211014
2024-08,Naive previous return,22,0.5,0.49145299145299143,0.42105263157894735,-0.016878989451394443,0.02523018799740998,0.019550476180122137
2024-08,VAR market system,22,0.36363636363636365,0.4444444444444444,0.5333333333333333,-0.26226526415648105,0.018733636671672067,0.015473855229227224
2024-08,VARX/Ridge news system,22,0.5454545454545454,0.5641025641025641,0.5454545454545454,0.1282051282051282,0.017854795630715698,0.014056065395378868
2024-09,ARIMAX market,21,0.47619047619047616,0.4444444444444444,0.26666666666666666,-0.12171612389003691,0.020337333911956433,0.015577526066644929
2024-09,ARIMAX simple news,21,0.42857142857142855,0.4027777777777778,0.25,-0.2041241452319315,0.0205880650417603,0.015798485505366982
2024-09,LLM multi-agent hybrid,21,0.5238095238095238,0.5416666666666666,0.5454545454545454,0.08492077756084468,0.027009888699476844,0.020381065658759814
2024-09,Market-only Ridge/LogReg,21,0.38095238095238093,0.41666666666666663,0.48,-0.19364916731037085,0.02059080212918071,0.01676631472394869
2024-09,Naive previous return,21,0.5238095238095238,0.5,0.375,0.0,0.028311905257513998,0.01891623182173774
2024-09,VAR market system,21,0.5238095238095238,0.5694444444444444,0.6153846153846154,0.17503501050350123,0.019544597256425315,0.01408552394888502
2024-09,VARX/Ridge news system,21,0.5238095238095238,0.5416666666666666,0.5454545454545454,0.08492077756084468,0.020977898850905414,0.016610752987655204
2024-10,ARIMAX market,23,0.6086956521739131,0.6136363636363636,0.5714285714285714,0.2326210525996177,0.027274176960535485,0.02102444129164183
2024-10,ARIMAX simple news,23,0.6086956521739131,0.6136363636363636,0.5714285714285714,0.2326210525996177,0.027503459262961855,0.02145006342442074
2024-10,LLM multi-agent hybrid,23,0.5652173913043478,0.5643939393939394,0.5833333333333334,0.12878787878787878,0.0274904154293666,0.020686230219710916
2024-10,Market-only Ridge/LogReg,23,0.6086956521739131,0.6022727272727273,0.6666666666666666,0.21452908258025827,0.028260611155915893,0.021414287208940747
2024-10,Naive previous return,23,0.30434782608695654,0.303030303030303,0.3333333333333333,-0.3939393939393939,0.0435832624858367,0.03650469282387227
2024-10,VAR market system,23,0.5652173913043478,0.553030303030303,0.6666666666666666,0.1284457725980754,0.026539519247944482,0.021026975991670388
2024-10,VARX/Ridge news system,23,0.6956521739130435,0.6893939393939394,0.7407407407407407,0.39727607885233013,0.02818790500652678,0.020962682575067792
2024-11,ARIMAX market,21,0.3333333333333333,0.3894230769230769,0.2222222222222222,-0.25215418055077093,0.015097931682599404,0.012594067520265172
2024-11,ARIMAX simple news,21,0.3333333333333333,0.3894230769230769,0.2222222222222222,-0.25215418055077093,0.01524582900774834,0.012796625044901302
2024-11,LLM multi-agent hybrid,21,0.7142857142857143,0.7451923076923077,0.7272727272727273,0.4812177395114532,0.013229884324964027,0.009848681514947402
2024-11,Market-only Ridge/LogReg,21,0.6190476190476191,0.6442307692307692,0.6363636363636364,0.28306925853614895,0.014246161899839764,0.010468357065780878
2024-11,Naive previous return,21,0.5714285714285714,0.5336538461538461,0.6666666666666666,0.06933752452815364,0.018721567777210485,0.015691506335411616
2024-11,VAR market system,21,0.6666666666666666,0.5865384615384616,0.7741935483870968,0.2401922307076307,0.014219432694767673,0.010996110979956864
2024-11,VARX/Ridge news system,21,0.6190476190476191,0.6201923076923077,0.6666666666666666,0.2337367475021143,0.014897674203571942,0.011198270011994558
2024-12,ARIMAX market,22,0.6363636363636364,0.5535714285714286,0.3333333333333333,0.1336306209562122,0.011679777277180184,0.009124664358276772
2024-12,ARIMAX simple news,22,0.5909090909090909,0.49107142857142855,0.18181818181818182,-0.025031308716087945,0.012318836295193937,0.009612615579084773
2024-12,LLM multi-agent hybrid,22,0.45454545454545453,0.4642857142857143,0.4,-0.06900655593423542,0.01580062163352695,0.013084811232315575
2024-12,Market-only Ridge/LogReg,22,0.5,0.5803571428571428,0.56,0.18448201388042726,0.011252159401428338,0.00929033731866906
2024-12,Naive previous return,22,0.5454545454545454,0.5089285714285714,0.375,0.017857142857142856,0.017604694438125103,0.013652750599131413
2024-12,VAR market system,22,0.45454545454545453,0.5178571428571428,0.5,0.03857583749052298,0.012264900618119634,0.009132024196942546
2024-12,VARX/Ridge news system,22,0.6363636363636364,0.7142857142857143,0.6666666666666666,0.4629100498862757,0.010152560011822262,0.008362806062641198
2025-01,ARIMAX market,23,0.4782608695652174,0.48484848484848486,0.4,-0.03178208630818641,0.016072974581522494,0.012474824515680582
2025-01,ARIMAX simple news,23,0.34782608695652173,0.35984848484848486,0.11764705882352941,-0.3394638275806278,0.017453698185408376,0.013822508456289297
2025-01,LLM multi-agent hybrid,23,0.4782608695652174,0.4810606060606061,0.45454545454545453,-0.0381690510345287,0.017792568478429055,0.014152925152330458
2025-01,Market-only Ridge/LogReg,23,0.4782608695652174,0.4772727272727273,0.5,-0.045454545454545456,0.015601979837248982,0.012107384463200298
2025-01,Naive previous return,23,0.6956521739130435,0.6931818181818181,0.72,0.38932432055219274,0.012825152552139235,0.01069555203632541
2025-01,VAR market system,23,0.4782608695652174,0.46212121212121215,0.625,-0.11236664374387369,0.01351195178487041,0.011398236291968997
2025-01,VARX/Ridge news system,23,0.4782608695652174,0.4772727272727273,0.5,-0.045454545454545456,0.015537310341948832,0.011761615106496592
2025-02,ARIMAX market,20,0.45,0.4898989898989899,0.15384615384615385,-0.0335012605086404,0.01680808291450994,0.01427677724001689
2025-02,ARIMAX simple news,20,0.5,0.5454545454545454,0.16666666666666666,0.2075143391598224,0.016937439097979165,0.014382380014557323
2025-02,LLM multi-agent hybrid,20,0.55,0.5505050505050505,0.5714285714285714,0.10050378152592121,0.015817992095336637,0.013177181816387468
2025-02,Market-only Ridge/LogReg,20,0.65,0.6414141414141414,0.6956521739130435,0.28721347895177635,0.014894138568262182,0.01139811806859833
2025-02,Naive previous return,20,0.5,0.4949494949494949,0.5454545454545454,-0.010101010101010102,0.022849308100800936,0.017591853030430073
2025-02,VAR market system,20,0.55,0.5202020202020202,0.6666666666666666,0.050251890762960605,0.01571557267653998,0.0120549243974663
2025-02,VARX/Ridge news system,20,0.55,0.5303030303030303,0.64,0.0657951694959769,0.01549764754717742,0.01197267268912106
2025-03,ARIMAX market,21,0.38095238095238093,0.5,0.0,0.0,0.015684648134601506,0.012366117319257412
2025-03,ARIMAX simple news,21,0.38095238095238093,0.5,0.0,0.0,0.016157215171516175,0.013001217903773829
2025-03,LLM multi-agent hybrid,21,0.5238095238095238,0.5432692307692308,0.5454545454545454,0.08492077756084468,0.017544020088615612,0.013110442839603482
2025-03,Market-only Ridge/LogReg,21,0.2857142857142857,0.3028846153846154,0.2857142857142857,-0.3942307692307692,0.014941696654074365,0.01143916004816505
2025-03,Naive previous return,21,0.42857142857142855,0.4182692307692308,0.5,-0.1589409883014377,0.017244710288644983,0.013236396714151883
2025-03,VAR market system,21,0.6666666666666666,0.5865384615384616,0.7741935483870968,0.2401922307076307,0.013322400030984265,0.00954977297200427
2025-03,VARX/Ridge news system,21,0.47619047619047616,0.5048076923076923,0.47619047619047616,0.009615384615384616,0.013619831421771722,0.010502825752987036
2025-04,ARIMAX market,22,0.5909090909090909,0.38235294117647056,0.0,-0.2556549962824568,0.026385984008570288,0.019310643459816014
2025-04,ARIMAX simple news,22,0.6363636363636364,0.4117647058823529,0.0,-0.2154985579603078,0.02617947262178715,0.01918921474250365
2025-04,LLM multi-agent hybrid,22,0.5,0.4647058823529412,0.26666666666666666,-0.05940885257860046,0.027639884409921735,0.021126057136898562
2025-04,Market-only Ridge/LogReg,22,0.4090909090909091,0.40588235294117647,0.23529411764705882,-0.1584236068762679,0.027653237525127144,0.021811701394006424
2025-04,Naive previous return,22,0.6363636363636364,0.5529411764705883,0.3333333333333333,0.09526610232449337,0.031712329377732155,0.024806670488133665
2025-04,VAR market system,22,0.36363636363636365,0.5882352941176471,0.4166666666666667,0.2154985579603078,0.02581520402026467,0.01967563045061775
2025-04,VARX/Ridge news system,22,0.36363636363636365,0.3764705882352941,0.2222222222222222,-0.21057989315866538,0.028292710947577043,0.02286143101993747
2025-05,ARIMAX market,22,0.6818181818181818,0.6818181818181819,0.631578947368421,0.37796447300922725,0.019396116379282746,0.01606732775932269
2025-05,ARIMAX simple news,22,0.6363636363636364,0.6363636363636364,0.6666666666666666,0.2773500981126146,0.01936564785924247,0.016159039566658404
2025-05,LLM multi-agent hybrid,22,0.5,0.5,0.5217391304347826,0.0,0.02139579804663853,0.018040811613409233
2025-05,Market-only Ridge/LogReg,22,0.5909090909090909,0.5909090909090909,0.7096774193548387,0.31622776601683794,0.018528672670854663,0.015281840010712705
2025-05,Naive previous return,22,0.4090909090909091,0.40909090909090906,0.38095238095238093,-0.18257418583505536,0.02987941558847291,0.025292263718752282
2025-05,VAR market system,22,0.6363636363636364,0.6363636363636364,0.6363636363636364,0.2727272727272727,0.019945634405767004,0.017744696353783198
2025-05,VARX/Ridge news system,22,0.5454545454545454,0.5454545454545454,0.6428571428571429,0.10846522890932808,0.01948814751878378,0.01674427373010501
2025-06,ARIMAX market,21,0.47619047619047616,0.48636363636363633,0.56,-0.03015113445777636,0.03167286765421003,0.023453892731916223
2025-06,ARIMAX simple news,21,0.42857142857142855,0.43636363636363634,0.5,-0.13483997249264842,0.03129453155802862,0.02319837193682325
2025-06,LLM multi-agent hybrid,21,0.42857142857142855,0.4318181818181818,0.45454545454545453,-0.13762047064079508,0.03360524562033956,0.02529719617225964
2025-06,Market-only Ridge/LogReg,21,0.5238095238095238,0.5318181818181817,0.5833333333333334,0.06741998624632421,0.03098162429251799,0.022642296486373958
2025-06,Naive previous return,21,0.5714285714285714,0.5727272727272728,0.5714285714285714,0.14545454545454545,0.03467404755262587,0.027313965692722555
2025-06,VAR market system,21,0.47619047619047616,0.48636363636363633,0.56,-0.03015113445777636,0.03093906228800875,0.022408357025268895
2025-06,VARX/Ridge news system,21,0.42857142857142855,0.4318181818181818,0.45454545454545453,-0.13762047064079508,0.033001612979353,0.024213912213280418
2025-07,ARIMAX market,23,0.5217391304347826,0.5113636363636364,0.35294117647058826,0.025854384499750957,0.019863263402845957,0.01685200133477065
2025-07,ARIMAX simple news,23,0.5217391304347826,0.5113636363636364,0.35294117647058826,0.025854384499750957,0.019917007411877685,0.01698412343471991
2025-07,LLM multi-agent hybrid,23,0.43478260869565216,0.4318181818181818,0.38095238095238093,-0.13740858372430334,0.022836822846215066,0.019296332264387706
2025-07,Market-only Ridge/LogReg,23,0.5652173913043478,0.5833333333333334,0.6875,0.2954684201426394,0.019168469377983128,0.016137894654569197
2025-07,Naive previous return,23,0.4782608695652174,0.4772727272727273,0.45454545454545453,-0.045454545454545456,0.030190737908012546,0.024551849291713092
2025-07,VAR market system,23,0.43478260869565216,0.4507575757575758,0.5806451612903226,-0.1460766368670358,0.020475079738805205,0.017337160465216748
2025-07,VARX/Ridge news system,23,0.43478260869565216,0.44696969696969696,0.5517241379310345,-0.1284457725980754,0.019768371535364468,0.01738785372921513
2025-08,ARIMAX market,21,0.6666666666666666,0.6105769230769231,0.46153846153846156,0.25215418055077093,0.013999374764905457,0.011802599244099399
2025-08,ARIMAX simple news,21,0.6666666666666666,0.6105769230769231,0.46153846153846156,0.25215418055077093,0.014062178616875587,0.01170470818224683
2025-08,LLM multi-agent hybrid,21,0.5238095238095238,0.5673076923076923,0.5454545454545454,0.1386750490563073,0.01484957697615999,0.013305240745282805
2025-08,Market-only Ridge/LogReg,21,0.38095238095238093,0.4519230769230769,0.48,-0.11891287353862351,0.015919854682119153,0.01416776592180832
2025-08,Naive previous return,21,0.42857142857142855,0.3942307692307692,0.25,-0.21153846153846154,0.019866024519238062,0.016902264066462933
2025-08,VAR market system,21,0.47619047619047616,0.5769230769230769,0.5925925925925926,0.2545139051903111,0.013987458244294947,0.012102569523743497
2025-08,VARX/Ridge news system,21,0.38095238095238093,0.4519230769230769,0.48,-0.11891287353862351,0.01609448905601589,0.014295855323310578
2025-09,ARIMAX market,22,0.5909090909090909,0.5583333333333333,0.3076923076923077,0.16927779169233606,0.01800845068746972,0.014814064250474046
2025-09,ARIMAX simple news,22,0.5909090909090909,0.5583333333333333,0.3076923076923077,0.16927779169233606,0.018165968180238693,0.014882149657310462
2025-09,LLM multi-agent hybrid,22,0.7272727272727273,0.7166666666666667,0.6666666666666666,0.4485426135725303,0.017056202045981333,0.01384178377796887
2025-09,Market-only Ridge/LogReg,22,0.7272727272727273,0.7333333333333334,0.7272727272727273,0.4666666666666667,0.017381521224393116,0.014103883698963272
2025-09,Naive previous return,22,0.36363636363636365,0.35833333333333334,0.3,-0.2833333333333333,0.02668293985603491,0.021770289097032523
2025-09,VAR market system,22,0.4090909090909091,0.425,0.48,-0.16035674514745463,0.017643761948133815,0.014648945594591482
2025-09,VARX/Ridge news system,22,0.6818181818181818,0.6916666666666667,0.6956521739130435,0.38821675738207223,0.017514026787602395,0.014531128709172792
2025-10,ARIMAX market,23,0.5652173913043478,0.5757575757575758,0.4444444444444444,0.17236256333167305,0.019786253252069667,0.013567150802228466
2025-10,ARIMAX simple news,23,0.5652173913043478,0.5795454545454546,0.375,0.20966480425560383,0.019120597495830942,0.013184709567389008
2025-10,LLM multi-agent hybrid,23,0.4782608695652174,0.4810606060606061,0.45454545454545453,-0.0381690510345287,0.01831118306754441,0.012746584986090862
2025-10,Market-only Ridge/LogReg,23,0.4782608695652174,0.46590909090909094,0.6,-0.08257228238447704,0.020125426685449574,0.01426365619141911
2025-10,Naive previous return,23,0.5652173913043478,0.5681818181818181,0.5454545454545454,0.13740858372430334,0.027185675125483123,0.02049074632782816
2025-10,VAR market system,23,0.6086956521739131,0.5984848484848485,0.6896551724137931,0.22407133233117496,0.019814072835393767,0.013760829016491283
2025-10,VARX/Ridge news system,23,0.43478260869565216,0.42803030303030304,0.5185185185185185,-0.15096490996388545,0.022076687186755754,0.015278979442526928
2025-11,ARIMAX market,20,0.4,0.3333333333333333,0.0,-0.4082482904638631,0.01858061048070701,0.014432526935117993
2025-11,ARIMAX simple news,20,0.5,0.4166666666666667,0.0,-0.2721655269759087,0.018266858494059346,0.013867685212059435
2025-11,LLM multi-agent hybrid,20,0.4,0.375,0.25,-0.25,0.017391744402368875,0.014345749213355736
2025-11,Market-only Ridge/LogReg,20,0.55,0.5625,0.5263157894736842,0.12309149097933272,0.018231676877753112,0.0140367039631762
2025-11,Naive previous return,20,0.55,0.5416666666666667,0.47058823529411764,0.08206099398622181,0.020482266279717342,0.016254857116113897
2025-11,VAR market system,20,0.55,0.625,0.64,0.3429971702850177,0.015918002102867174,0.012700610490768215
2025-11,VARX/Ridge news system,20,0.7,0.7083333333333333,0.6666666666666666,0.408248290463863,0.015672829080645274,0.012262677267621489
2025-12,ARIMAX market,22,0.5,0.4666666666666667,0.15384615384615385,-0.0967301666813349,0.013346846008186987,0.011429027087520933
2025-12,ARIMAX simple news,22,0.45454545454545453,0.425,0.14285714285714285,-0.19364916731037085,0.013184856510900345,0.011357444578899364
2025-12,LLM multi-agent hybrid,22,0.2727272727272727,0.26666666666666666,0.2,-0.4666666666666667,0.01792075479407653,0.014843666756191039
2025-12,Market-only Ridge/LogReg,22,0.6363636363636364,0.6333333333333333,0.6,0.26666666666666666,0.012158001940427772,0.00962565224039944
2025-12,Naive previous return,22,0.5909090909090909,0.5916666666666667,0.5714285714285714,0.18257418583505536,0.016080926316331685,0.013437822534471506
2025-12,VAR market system,22,0.5,0.525,0.5925925925925926,0.05940885257860046,0.012420904433527639,0.010080906421164144
2025-12,VARX/Ridge news system,22,0.5,0.5,0.47619047619047616,0.0,0.013417951702063644,0.010797152310291748
